date,year,week,accum,new,accum-week,last-doy
01/01/2016,2016,53,191,191,630,0
02/01/2016,2016,53,415,224,630,0
03/01/2016,2016,53,630,215,630,0
04/01/2016,2016,1,852,222,1521,0
05/01/2016,2016,1,1082,230,1521,0
06/01/2016,2016,1,1286,204,1521,0
07/01/2016,2016,1,1487,201,1521,0
08/01/2016,2016,1,1706,219,1521,0
09/01/2016,2016,1,1933,227,1521,0
10/01/2016,2016,1,2151,218,1521,1
11/01/2016,2016,2,2370,219,1575,0
12/01/2016,2016,2,2596,226,1575,0
13/01/2016,2016,2,2839,243,1575,0
14/01/2016,2016,2,3053,214,1575,0
15/01/2016,2016,2,3286,233,1575,0
16/01/2016,2016,2,3510,224,1575,0
17/01/2016,2016,2,3726,216,1575,1
18/01/2016,2016,3,3984,258,1674,0
19/01/2016,2016,3,4231,247,1674,0
20/01/2016,2016,3,4484,253,1674,0
21/01/2016,2016,3,4735,251,1674,0
22/01/2016,2016,3,4974,239,1674,0
23/01/2016,2016,3,5188,214,1674,0
24/01/2016,2016,3,5400,212,1674,1
25/01/2016,2016,4,5645,245,1715,0
26/01/2016,2016,4,5888,243,1715,0
27/01/2016,2016,4,6119,231,1715,0
28/01/2016,2016,4,6363,244,1715,0
29/01/2016,2016,4,6605,242,1715,0
30/01/2016,2016,4,6869,264,1715,0
31/01/2016,2016,4,7115,246,1715,1
01/02/2016,2016,5,7356,241,1724,0
02/02/2016,2016,5,7612,256,1724,0
03/02/2016,2016,5,7878,266,1724,0
04/02/2016,2016,5,8161,283,1724,0
05/02/2016,2016,5,8403,242,1724,0
06/02/2016,2016,5,8632,229,1724,0
07/02/2016,2016,5,8839,207,1724,1
08/02/2016,2016,6,9090,251,1726,0
09/02/2016,2016,6,9317,227,1726,0
10/02/2016,2016,6,9551,234,1726,0
11/02/2016,2016,6,9800,249,1726,0
12/02/2016,2016,6,10052,252,1726,0
13/02/2016,2016,6,10306,254,1726,0
14/02/2016,2016,6,10565,259,1726,1
15/02/2016,2016,7,10812,247,1820,0
16/02/2016,2016,7,11094,282,1820,0
17/02/2016,2016,7,11364,270,1820,0
18/02/2016,2016,7,11643,279,1820,0
19/02/2016,2016,7,11876,233,1820,0
20/02/2016,2016,7,12138,262,1820,0
21/02/2016,2016,7,12385,247,1820,1
22/02/2016,2016,8,12642,257,1798,0
23/02/2016,2016,8,12929,287,1798,0
24/02/2016,2016,8,13208,279,1798,0
25/02/2016,2016,8,13434,226,1798,0
26/02/2016,2016,8,13688,254,1798,0
27/02/2016,2016,8,13947,259,1798,0
28/02/2016,2016,8,14183,236,1798,1
29/02/2016,2016,9,14399,216,1606,0
01/03/2016,2016,9,14644,245,1606,0
02/03/2016,2016,9,14896,252,1606,0
03/03/2016,2016,9,15085,189,1606,0
04/03/2016,2016,9,15328,243,1606,0
05/03/2016,2016,9,15568,240,1606,0
06/03/2016,2016,9,15789,221,1606,1
07/03/2016,2016,10,16050,261,1617,0
08/03/2016,2016,10,16285,235,1617,0
09/03/2016,2016,10,16511,226,1617,0
10/03/2016,2016,10,16729,218,1617,0
11/03/2016,2016,10,16937,208,1617,0
12/03/2016,2016,10,17166,229,1617,0
13/03/2016,2016,10,17406,240,1617,1
14/03/2016,2016,11,17676,270,1617,0
15/03/2016,2016,11,17928,252,1617,0
16/03/2016,2016,11,18166,238,1617,0
17/03/2016,2016,11,18397,231,1617,0
18/03/2016,2016,11,18611,214,1617,0
19/03/2016,2016,11,18826,215,1617,0
20/03/2016,2016,11,19023,197,1617,1
21/03/2016,2016,12,19206,183,1377,0
22/03/2016,2016,12,19398,192,1377,0
23/03/2016,2016,12,19615,217,1377,0
24/03/2016,2016,12,19805,190,1377,0
25/03/2016,2016,12,20021,216,1377,0
26/03/2016,2016,12,20228,207,1377,0
27/03/2016,2016,12,20400,172,1377,1
28/03/2016,2016,13,20577,177,1380,0
29/03/2016,2016,13,20792,215,1380,0
30/03/2016,2016,13,20989,197,1380,0
31/03/2016,2016,13,21192,203,1380,0
01/04/2016,2016,13,21397,205,1380,0
02/04/2016,2016,13,21606,209,1380,0
03/04/2016,2016,13,21780,174,1380,1
04/04/2016,2016,14,21991,211,1457,0
05/04/2016,2016,14,22214,223,1457,0
06/04/2016,2016,14,22416,202,1457,0
07/04/2016,2016,14,22657,241,1457,0
08/04/2016,2016,14,22854,197,1457,0
09/04/2016,2016,14,23057,203,1457,0
10/04/2016,2016,14,23237,180,1457,1
11/04/2016,2016,15,23421,184,1387,0
12/04/2016,2016,15,23628,207,1387,0
13/04/2016,2016,15,23839,211,1387,0
14/04/2016,2016,15,24039,200,1387,0
15/04/2016,2016,15,24244,205,1387,0
16/04/2016,2016,15,24422,178,1387,0
17/04/2016,2016,15,24624,202,1387,1
18/04/2016,2016,16,24832,208,1329,0
19/04/2016,2016,16,25023,191,1329,0
20/04/2016,2016,16,25185,162,1329,0
21/04/2016,2016,16,25372,187,1329,0
22/04/2016,2016,16,25573,201,1329,0
23/04/2016,2016,16,25767,194,1329,0
24/04/2016,2016,16,25953,186,1329,1
25/04/2016,2016,17,26142,189,1314,0
26/04/2016,2016,17,26338,196,1314,0
27/04/2016,2016,17,26519,181,1314,0
28/04/2016,2016,17,26695,176,1314,0
29/04/2016,2016,17,26903,208,1314,0
30/04/2016,2016,17,27094,191,1314,0
01/05/2016,2016,17,27267,173,1314,1
02/05/2016,2016,18,27468,201,1376,0
03/05/2016,2016,18,27668,200,1376,0
04/05/2016,2016,18,27865,197,1376,0
05/05/2016,2016,18,28072,207,1376,0
06/05/2016,2016,18,28274,202,1376,0
07/05/2016,2016,18,28470,196,1376,0
08/05/2016,2016,18,28643,173,1376,1
09/05/2016,2016,19,28844,201,1323,0
10/05/2016,2016,19,29013,169,1323,0
11/05/2016,2016,19,29228,215,1323,0
12/05/2016,2016,19,29411,183,1323,0
13/05/2016,2016,19,29597,186,1323,0
14/05/2016,2016,19,29790,193,1323,0
15/05/2016,2016,19,29966,176,1323,1
16/05/2016,2016,20,30158,192,1275,0
17/05/2016,2016,20,30313,155,1275,0
18/05/2016,2016,20,30484,171,1275,0
19/05/2016,2016,20,30669,185,1275,0
20/05/2016,2016,20,30855,186,1275,0
21/05/2016,2016,20,31042,187,1275,0
22/05/2016,2016,20,31241,199,1275,1
23/05/2016,2016,21,31440,199,1335,0
24/05/2016,2016,21,31668,228,1335,0
25/05/2016,2016,21,31870,202,1335,0
26/05/2016,2016,21,32029,159,1335,0
27/05/2016,2016,21,32218,189,1335,0
28/05/2016,2016,21,32406,188,1335,0
29/05/2016,2016,21,32576,170,1335,1
30/05/2016,2016,22,32767,191,1283,0
31/05/2016,2016,22,32954,187,1283,0
01/06/2016,2016,22,33148,194,1283,0
02/06/2016,2016,22,33310,162,1283,0
03/06/2016,2016,22,33493,183,1283,0
04/06/2016,2016,22,33687,194,1283,0
05/06/2016,2016,22,33859,172,1283,1
06/06/2016,2016,23,34032,173,1396,0
07/06/2016,2016,23,34242,210,1396,0
08/06/2016,2016,23,34439,197,1396,0
09/06/2016,2016,23,34616,177,1396,0
10/06/2016,2016,23,34841,225,1396,0
11/06/2016,2016,23,35064,223,1396,0
12/06/2016,2016,23,35255,191,1396,1
13/06/2016,2016,24,35439,184,1301,0
14/06/2016,2016,24,35611,172,1301,0
15/06/2016,2016,24,35832,221,1301,0
16/06/2016,2016,24,36024,192,1301,0
17/06/2016,2016,24,36201,177,1301,0
18/06/2016,2016,24,36378,177,1301,0
19/06/2016,2016,24,36556,178,1301,1
20/06/2016,2016,25,36738,182,1334,0
21/06/2016,2016,25,36926,188,1334,0
22/06/2016,2016,25,37106,180,1334,0
23/06/2016,2016,25,37291,185,1334,0
24/06/2016,2016,25,37482,191,1334,0
25/06/2016,2016,25,37697,215,1334,0
26/06/2016,2016,25,37890,193,1334,1
27/06/2016,2016,26,38086,196,1297,0
28/06/2016,2016,26,38264,178,1297,0
29/06/2016,2016,26,38442,178,1297,0
30/06/2016,2016,26,38642,200,1297,0
01/07/2016,2016,26,38824,182,1297,0
02/07/2016,2016,26,39029,205,1297,0
03/07/2016,2016,26,39187,158,1297,1
04/07/2016,2016,27,39365,178,1376,0
05/07/2016,2016,27,39559,194,1376,0
06/07/2016,2016,27,39783,224,1376,0
07/07/2016,2016,27,39963,180,1376,0
08/07/2016,2016,27,40165,202,1376,0
09/07/2016,2016,27,40354,189,1376,0
10/07/2016,2016,27,40563,209,1376,1
11/07/2016,2016,28,40755,192,1302,0
12/07/2016,2016,28,40955,200,1302,0
13/07/2016,2016,28,41136,181,1302,0
14/07/2016,2016,28,41327,191,1302,0
15/07/2016,2016,28,41509,182,1302,0
16/07/2016,2016,28,41685,176,1302,0
17/07/2016,2016,28,41865,180,1302,1
18/07/2016,2016,29,42059,194,1293,0
19/07/2016,2016,29,42241,182,1293,0
20/07/2016,2016,29,42426,185,1293,0
21/07/2016,2016,29,42613,187,1293,0
22/07/2016,2016,29,42798,185,1293,0
23/07/2016,2016,29,42974,176,1293,0
24/07/2016,2016,29,43158,184,1293,1
25/07/2016,2016,30,43345,187,1322,0
26/07/2016,2016,30,43547,202,1322,0
27/07/2016,2016,30,43738,191,1322,0
28/07/2016,2016,30,43912,174,1322,0
29/07/2016,2016,30,44085,173,1322,0
30/07/2016,2016,30,44302,217,1322,0
31/07/2016,2016,30,44480,178,1322,1
01/08/2016,2016,31,44652,172,1248,0
02/08/2016,2016,31,44838,186,1248,0
03/08/2016,2016,31,45022,184,1248,0
04/08/2016,2016,31,45193,171,1248,0
05/08/2016,2016,31,45367,174,1248,0
06/08/2016,2016,31,45540,173,1248,0
07/08/2016,2016,31,45728,188,1248,1
08/08/2016,2016,32,45894,166,1216,0
09/08/2016,2016,32,46048,154,1216,0
10/08/2016,2016,32,46236,188,1216,0
11/08/2016,2016,32,46412,176,1216,0
12/08/2016,2016,32,46585,173,1216,0
13/08/2016,2016,32,46773,188,1216,0
14/08/2016,2016,32,46944,171,1216,1
15/08/2016,2016,33,47126,182,1290,0
16/08/2016,2016,33,47293,167,1290,0
17/08/2016,2016,33,47487,194,1290,0
18/08/2016,2016,33,47694,207,1290,0
19/08/2016,2016,33,47894,200,1290,0
20/08/2016,2016,33,48060,166,1290,0
21/08/2016,2016,33,48234,174,1290,1
22/08/2016,2016,34,48403,169,1345,0
23/08/2016,2016,34,48608,205,1345,0
24/08/2016,2016,34,48784,176,1345,0
25/08/2016,2016,34,49001,217,1345,0
26/08/2016,2016,34,49221,220,1345,0
27/08/2016,2016,34,49412,191,1345,0
28/08/2016,2016,34,49579,167,1345,1
29/08/2016,2016,35,49740,161,1308,0
30/08/2016,2016,35,49947,207,1308,0
31/08/2016,2016,35,50164,217,1308,0
01/09/2016,2016,35,50333,169,1308,0
02/09/2016,2016,35,50507,174,1308,0
03/09/2016,2016,35,50695,188,1308,0
04/09/2016,2016,35,50887,192,1308,1
05/09/2016,2016,36,51069,182,1320,0
06/09/2016,2016,36,51245,176,1320,0
07/09/2016,2016,36,51419,174,1320,0
08/09/2016,2016,36,51632,213,1320,0
09/09/2016,2016,36,51819,187,1320,0
10/09/2016,2016,36,52018,199,1320,0
11/09/2016,2016,36,52207,189,1320,1
12/09/2016,2016,37,52397,190,1310,0
13/09/2016,2016,37,52577,180,1310,0
14/09/2016,2016,37,52769,192,1310,0
15/09/2016,2016,37,52952,183,1310,0
16/09/2016,2016,37,53143,191,1310,0
17/09/2016,2016,37,53318,175,1310,0
18/09/2016,2016,37,53517,199,1310,1
19/09/2016,2016,38,53702,185,1221,0
20/09/2016,2016,38,53874,172,1221,0
21/09/2016,2016,38,54066,192,1221,0
22/09/2016,2016,38,54218,152,1221,0
23/09/2016,2016,38,54398,180,1221,0
24/09/2016,2016,38,54563,165,1221,0
25/09/2016,2016,38,54738,175,1221,1
26/09/2016,2016,39,54899,161,1353,0
27/09/2016,2016,39,55109,210,1353,0
28/09/2016,2016,39,55295,186,1353,0
29/09/2016,2016,39,55491,196,1353,0
30/09/2016,2016,39,55689,198,1353,0
01/10/2016,2016,39,55917,228,1353,0
02/10/2016,2016,39,56091,174,1353,1
03/10/2016,2016,40,56272,181,1353,0
04/10/2016,2016,40,56468,196,1353,0
05/10/2016,2016,40,56656,188,1353,0
06/10/2016,2016,40,56850,194,1353,0
07/10/2016,2016,40,57060,210,1353,0
08/10/2016,2016,40,57265,205,1353,0
09/10/2016,2016,40,57444,179,1353,1
10/10/2016,2016,41,57640,196,1322,0
11/10/2016,2016,41,57845,205,1322,0
12/10/2016,2016,41,58004,159,1322,0
13/10/2016,2016,41,58216,212,1322,0
14/10/2016,2016,41,58400,184,1322,0
15/10/2016,2016,41,58590,190,1322,0
16/10/2016,2016,41,58766,176,1322,1
17/10/2016,2016,42,58969,203,1322,0
18/10/2016,2016,42,59173,204,1322,0
19/10/2016,2016,42,59348,175,1322,0
20/10/2016,2016,42,59541,193,1322,0
21/10/2016,2016,42,59736,195,1322,0
22/10/2016,2016,42,59940,204,1322,0
23/10/2016,2016,42,60088,148,1322,1
24/10/2016,2016,43,60270,182,1353,0
25/10/2016,2016,43,60475,205,1353,0
26/10/2016,2016,43,60670,195,1353,0
27/10/2016,2016,43,60860,190,1353,0
28/10/2016,2016,43,61043,183,1353,0
29/10/2016,2016,43,61236,193,1353,0
30/10/2016,2016,43,61441,205,1353,1
31/10/2016,2016,44,61649,208,1331,0
01/11/2016,2016,44,61843,194,1331,0
02/11/2016,2016,44,62031,188,1331,0
03/11/2016,2016,44,62230,199,1331,0
04/11/2016,2016,44,62416,186,1331,0
05/11/2016,2016,44,62597,181,1331,0
06/11/2016,2016,44,62772,175,1331,1
07/11/2016,2016,45,62979,207,1438,0
08/11/2016,2016,45,63187,208,1438,0
09/11/2016,2016,45,63397,210,1438,0
10/11/2016,2016,45,63587,190,1438,0
11/11/2016,2016,45,63787,200,1438,0
12/11/2016,2016,45,64008,221,1438,0
13/11/2016,2016,45,64210,202,1438,1
14/11/2016,2016,46,64420,210,1360,0
15/11/2016,2016,46,64621,201,1360,0
16/11/2016,2016,46,64818,197,1360,0
17/11/2016,2016,46,65007,189,1360,0
18/11/2016,2016,46,65196,189,1360,0
19/11/2016,2016,46,65373,177,1360,0
20/11/2016,2016,46,65570,197,1360,1
21/11/2016,2016,47,65779,209,1529,0
22/11/2016,2016,47,65985,206,1529,0
23/11/2016,2016,47,66222,237,1529,0
24/11/2016,2016,47,66448,226,1529,0
25/11/2016,2016,47,66655,207,1529,0
26/11/2016,2016,47,66897,242,1529,0
27/11/2016,2016,47,67099,202,1529,1
28/11/2016,2016,48,67331,232,1560,0
29/11/2016,2016,48,67570,239,1560,0
30/11/2016,2016,48,67772,202,1560,0
01/12/2016,2016,48,68020,248,1560,0
02/12/2016,2016,48,68240,220,1560,0
03/12/2016,2016,48,68465,225,1560,0
04/12/2016,2016,48,68659,194,1560,1
05/12/2016,2016,49,68881,222,1548,0
06/12/2016,2016,49,69120,239,1548,0
07/12/2016,2016,49,69351,231,1548,0
08/12/2016,2016,49,69571,220,1548,0
09/12/2016,2016,49,69778,207,1548,0
10/12/2016,2016,49,69988,210,1548,0
11/12/2016,2016,49,70207,219,1548,1
12/12/2016,2016,50,70423,216,1445,0
13/12/2016,2016,50,70634,211,1445,0
14/12/2016,2016,50,70855,221,1445,0
15/12/2016,2016,50,71057,202,1445,0
16/12/2016,2016,50,71272,215,1445,0
17/12/2016,2016,50,71463,191,1445,0
18/12/2016,2016,50,71652,189,1445,1
19/12/2016,2016,51,71852,200,1433,0
20/12/2016,2016,51,72071,219,1433,0
21/12/2016,2016,51,72302,231,1433,0
22/12/2016,2016,51,72512,210,1433,0
23/12/2016,2016,51,72711,199,1433,0
24/12/2016,2016,51,72886,175,1433,0
25/12/2016,2016,51,73085,199,1433,1
26/12/2016,2016,52,73304,219,1509,0
27/12/2016,2016,52,73560,256,1509,0
28/12/2016,2016,52,73755,195,1509,0
29/12/2016,2016,52,73978,223,1509,0
30/12/2016,2016,52,74220,242,1509,0
31/12/2016,2016,52,74432,212,1509,0
01/01/2017,2016,52,162,162,1509,1
02/01/2017,2017,1,405,405,1734,0
03/01/2017,2017,1,624,219,1734,0
04/01/2017,2017,1,855,231,1734,0
05/01/2017,2017,1,1073,218,1734,0
06/01/2017,2017,1,1311,238,1734,0
07/01/2017,2017,1,1538,227,1734,0
08/01/2017,2017,1,1734,196,1734,1
09/01/2017,2017,2,1935,201,1588,0
10/01/2017,2017,2,2165,230,1588,0
11/01/2017,2017,2,2430,265,1588,0
12/01/2017,2017,2,2677,247,1588,0
13/01/2017,2017,2,2883,206,1588,0
14/01/2017,2017,2,3109,226,1588,0
15/01/2017,2017,2,3322,213,1588,1
16/01/2017,2017,3,3522,200,1508,0
17/01/2017,2017,3,3763,241,1508,0
18/01/2017,2017,3,3992,229,1508,0
19/01/2017,2017,3,4213,221,1508,0
20/01/2017,2017,3,4426,213,1508,0
21/01/2017,2017,3,4632,206,1508,0
22/01/2017,2017,3,4830,198,1508,1
23/01/2017,2017,4,5026,196,1508,0
24/01/2017,2017,4,5233,207,1508,0
25/01/2017,2017,4,5441,208,1508,0
26/01/2017,2017,4,5658,217,1508,0
27/01/2017,2017,4,5873,215,1508,0
28/01/2017,2017,4,6113,240,1508,0
29/01/2017,2017,4,6338,225,1508,1
30/01/2017,2017,5,6574,236,1607,0
31/01/2017,2017,5,6779,205,1607,0
01/02/2017,2017,5,7014,235,1607,0
02/02/2017,2017,5,7237,223,1607,0
03/02/2017,2017,5,7483,246,1607,0
04/02/2017,2017,5,7737,254,1607,0
05/02/2017,2017,5,7945,208,1607,1
06/02/2017,2017,6,8158,213,1514,0
07/02/2017,2017,6,8350,192,1514,0
08/02/2017,2017,6,8611,261,1514,0
09/02/2017,2017,6,8837,226,1514,0
10/02/2017,2017,6,9055,218,1514,0
11/02/2017,2017,6,9241,186,1514,0
12/02/2017,2017,6,9459,218,1514,1
13/02/2017,2017,7,9683,224,1629,0
14/02/2017,2017,7,9937,254,1629,0
15/02/2017,2017,7,10163,226,1629,0
16/02/2017,2017,7,10377,214,1629,0
17/02/2017,2017,7,10644,267,1629,0
18/02/2017,2017,7,10860,216,1629,0
19/02/2017,2017,7,11088,228,1629,1
20/02/2017,2017,8,11311,223,1652,0
21/02/2017,2017,8,11564,253,1652,0
22/02/2017,2017,8,11804,240,1652,0
23/02/2017,2017,8,12028,224,1652,0
24/02/2017,2017,8,12265,237,1652,0
25/02/2017,2017,8,12489,224,1652,0
26/02/2017,2017,8,12740,251,1652,1
27/02/2017,2017,9,13009,269,1654,0
28/02/2017,2017,9,13241,232,1654,0
01/03/2017,2017,9,13468,227,1654,0
02/03/2017,2017,9,13700,232,1654,0
03/03/2017,2017,9,13924,224,1654,0
04/03/2017,2017,9,14165,241,1654,0
05/03/2017,2017,9,14394,229,1654,1
06/03/2017,2017,10,14656,262,1638,0
07/03/2017,2017,10,14902,246,1638,0
08/03/2017,2017,10,15126,224,1638,0
09/03/2017,2017,10,15360,234,1638,0
10/03/2017,2017,10,15583,223,1638,0
11/03/2017,2017,10,15806,223,1638,0
12/03/2017,2017,10,16032,226,1638,1
13/03/2017,2017,11,16281,249,1665,0
14/03/2017,2017,11,16512,231,1665,0
15/03/2017,2017,11,16766,254,1665,0
16/03/2017,2017,11,17016,250,1665,0
17/03/2017,2017,11,17257,241,1665,0
18/03/2017,2017,11,17472,215,1665,0
19/03/2017,2017,11,17697,225,1665,1
20/03/2017,2017,12,17894,197,1553,0
21/03/2017,2017,12,18116,222,1553,0
22/03/2017,2017,12,18340,224,1553,0
23/03/2017,2017,12,18574,234,1553,0
24/03/2017,2017,12,18802,228,1553,0
25/03/2017,2017,12,19031,229,1553,0
26/03/2017,2017,12,19250,219,1553,1
27/03/2017,2017,13,19448,198,1545,0
28/03/2017,2017,13,19673,225,1545,0
29/03/2017,2017,13,19898,225,1545,0
30/03/2017,2017,13,20130,232,1545,0
31/03/2017,2017,13,20356,226,1545,0
01/04/2017,2017,13,20577,221,1545,0
02/04/2017,2017,13,20795,218,1545,1
03/04/2017,2017,14,21013,218,1534,0
04/04/2017,2017,14,21244,231,1534,0
05/04/2017,2017,14,21452,208,1534,0
06/04/2017,2017,14,21696,244,1534,0
07/04/2017,2017,14,21918,222,1534,0
08/04/2017,2017,14,22148,230,1534,0
09/04/2017,2017,14,22329,181,1534,1
10/04/2017,2017,15,22545,216,1386,0
11/04/2017,2017,15,22743,198,1386,0
12/04/2017,2017,15,22951,208,1386,0
13/04/2017,2017,15,23146,195,1386,0
14/04/2017,2017,15,23346,200,1386,0
15/04/2017,2017,15,23523,177,1386,0
16/04/2017,2017,15,23715,192,1386,1
17/04/2017,2017,16,23900,185,1390,0
18/04/2017,2017,16,24112,212,1390,0
19/04/2017,2017,16,24310,198,1390,0
20/04/2017,2017,16,24488,178,1390,0
21/04/2017,2017,16,24691,203,1390,0
22/04/2017,2017,16,24897,206,1390,0
23/04/2017,2017,16,25105,208,1390,1
24/04/2017,2017,17,25314,209,1455,0
25/04/2017,2017,17,25534,220,1455,0
26/04/2017,2017,17,25753,219,1455,0
27/04/2017,2017,17,25957,204,1455,0
28/04/2017,2017,17,26138,181,1455,0
29/04/2017,2017,17,26354,216,1455,0
30/04/2017,2017,17,26560,206,1455,1
01/05/2017,2017,18,26747,187,1372,0
02/05/2017,2017,18,26955,208,1372,0
03/05/2017,2017,18,27157,202,1372,0
04/05/2017,2017,18,27342,185,1372,0
05/05/2017,2017,18,27523,181,1372,0
06/05/2017,2017,18,27716,193,1372,0
07/05/2017,2017,18,27932,216,1372,1
08/05/2017,2017,19,28115,183,1434,0
09/05/2017,2017,19,28318,203,1434,0
10/05/2017,2017,19,28564,246,1434,0
11/05/2017,2017,19,28761,197,1434,0
12/05/2017,2017,19,28972,211,1434,0
13/05/2017,2017,19,29167,195,1434,0
14/05/2017,2017,19,29366,199,1434,1
15/05/2017,2017,20,29551,185,1454,0
16/05/2017,2017,20,29764,213,1454,0
17/05/2017,2017,20,29964,200,1454,0
18/05/2017,2017,20,30170,206,1454,0
19/05/2017,2017,20,30419,249,1454,0
20/05/2017,2017,20,30622,203,1454,0
21/05/2017,2017,20,30820,198,1454,1
22/05/2017,2017,21,30995,175,1331,0
23/05/2017,2017,21,31202,207,1331,0
24/05/2017,2017,21,31372,170,1331,0
25/05/2017,2017,21,31567,195,1331,0
26/05/2017,2017,21,31751,184,1331,0
27/05/2017,2017,21,31966,215,1331,0
28/05/2017,2017,21,32151,185,1331,1
29/05/2017,2017,22,32312,161,1280,0
30/05/2017,2017,22,32524,212,1280,0
31/05/2017,2017,22,32708,184,1280,0
01/06/2017,2017,22,32883,175,1280,0
02/06/2017,2017,22,33058,175,1280,0
03/06/2017,2017,22,33261,203,1280,0
04/06/2017,2017,22,33431,170,1280,1
05/06/2017,2017,23,33618,187,1361,0
06/06/2017,2017,23,33816,198,1361,0
07/06/2017,2017,23,34019,203,1361,0
08/06/2017,2017,23,34225,206,1361,0
09/06/2017,2017,23,34437,212,1361,0
10/06/2017,2017,23,34604,167,1361,0
11/06/2017,2017,23,34792,188,1361,1
12/06/2017,2017,24,35007,215,1312,0
13/06/2017,2017,24,35199,192,1312,0
14/06/2017,2017,24,35385,186,1312,0
15/06/2017,2017,24,35562,177,1312,0
16/06/2017,2017,24,35764,202,1312,0
17/06/2017,2017,24,35943,179,1312,0
18/06/2017,2017,24,36104,161,1312,1
19/06/2017,2017,25,36333,229,1374,0
20/06/2017,2017,25,36520,187,1374,0
21/06/2017,2017,25,36717,197,1374,0
22/06/2017,2017,25,36900,183,1374,0
23/06/2017,2017,25,37103,203,1374,0
24/06/2017,2017,25,37301,198,1374,0
25/06/2017,2017,25,37478,177,1374,1
26/06/2017,2017,26,37664,186,1352,0
27/06/2017,2017,26,37864,200,1352,0
28/06/2017,2017,26,38052,188,1352,0
29/06/2017,2017,26,38246,194,1352,0
30/06/2017,2017,26,38440,194,1352,0
01/07/2017,2017,26,38639,199,1352,0
02/07/2017,2017,26,38830,191,1352,1
03/07/2017,2017,27,39005,175,1315,0
04/07/2017,2017,27,39166,161,1315,0
05/07/2017,2017,27,39362,196,1315,0
06/07/2017,2017,27,39569,207,1315,0
07/07/2017,2017,27,39749,180,1315,0
08/07/2017,2017,27,39936,187,1315,0
09/07/2017,2017,27,40145,209,1315,1
10/07/2017,2017,28,40350,205,1359,0
11/07/2017,2017,28,40530,180,1359,0
12/07/2017,2017,28,40735,205,1359,0
13/07/2017,2017,28,40933,198,1359,0
14/07/2017,2017,28,41122,189,1359,0
15/07/2017,2017,28,41322,200,1359,0
16/07/2017,2017,28,41504,182,1359,1
17/07/2017,2017,29,41695,191,1305,0
18/07/2017,2017,29,41895,200,1305,0
19/07/2017,2017,29,42076,181,1305,0
20/07/2017,2017,29,42248,172,1305,0
21/07/2017,2017,29,42440,192,1305,0
22/07/2017,2017,29,42621,181,1305,0
23/07/2017,2017,29,42809,188,1305,1
24/07/2017,2017,30,43008,199,1390,0
25/07/2017,2017,30,43201,193,1390,0
26/07/2017,2017,30,43401,200,1390,0
27/07/2017,2017,30,43603,202,1390,0
28/07/2017,2017,30,43801,198,1390,0
29/07/2017,2017,30,44008,207,1390,0
30/07/2017,2017,30,44199,191,1390,1
31/07/2017,2017,31,44378,179,1401,0
01/08/2017,2017,31,44587,209,1401,0
02/08/2017,2017,31,44818,231,1401,0
03/08/2017,2017,31,45014,196,1401,0
04/08/2017,2017,31,45214,200,1401,0
05/08/2017,2017,31,45398,184,1401,0
06/08/2017,2017,31,45600,202,1401,1
07/08/2017,2017,32,45774,174,1298,0
08/08/2017,2017,32,45966,192,1298,0
09/08/2017,2017,32,46143,177,1298,0
10/08/2017,2017,32,46324,181,1298,0
11/08/2017,2017,32,46528,204,1298,0
12/08/2017,2017,32,46719,191,1298,0
13/08/2017,2017,32,46898,179,1298,1
14/08/2017,2017,33,47085,187,1293,0
15/08/2017,2017,33,47264,179,1293,0
16/08/2017,2017,33,47452,188,1293,0
17/08/2017,2017,33,47634,182,1293,0
18/08/2017,2017,33,47817,183,1293,0
19/08/2017,2017,33,47998,181,1293,0
20/08/2017,2017,33,48191,193,1293,1
21/08/2017,2017,34,48364,173,1276,0
22/08/2017,2017,34,48550,186,1276,0
23/08/2017,2017,34,48745,195,1276,0
24/08/2017,2017,34,48913,168,1276,0
25/08/2017,2017,34,49110,197,1276,0
26/08/2017,2017,34,49295,185,1276,0
27/08/2017,2017,34,49467,172,1276,1
28/08/2017,2017,35,49660,193,1350,0
29/08/2017,2017,35,49880,220,1350,0
30/08/2017,2017,35,50043,163,1350,0
31/08/2017,2017,35,50241,198,1350,0
01/09/2017,2017,35,50425,184,1350,0
02/09/2017,2017,35,50618,193,1350,0
03/09/2017,2017,35,50817,199,1350,1
04/09/2017,2017,36,51005,188,1422,0
05/09/2017,2017,36,51206,201,1422,0
06/09/2017,2017,36,51430,224,1422,0
07/09/2017,2017,36,51615,185,1422,0
08/09/2017,2017,36,51829,214,1422,0
09/09/2017,2017,36,52047,218,1422,0
10/09/2017,2017,36,52239,192,1422,1
11/09/2017,2017,37,52432,193,1481,0
12/09/2017,2017,37,52638,206,1481,0
13/09/2017,2017,37,52829,191,1481,0
14/09/2017,2017,37,53051,222,1481,0
15/09/2017,2017,37,53256,205,1481,0
16/09/2017,2017,37,53506,250,1481,0
17/09/2017,2017,37,53720,214,1481,1
18/09/2017,2017,38,53926,206,1570,0
19/09/2017,2017,38,54100,174,1570,0
20/09/2017,2017,38,54414,314,1570,0
21/09/2017,2017,38,54659,245,1570,0
22/09/2017,2017,38,54878,219,1570,0
23/09/2017,2017,38,55118,240,1570,0
24/09/2017,2017,38,55290,172,1570,1
25/09/2017,2017,39,55474,184,1341,0
26/09/2017,2017,39,55676,202,1341,0
27/09/2017,2017,39,55884,208,1341,0
28/09/2017,2017,39,56087,203,1341,0
29/09/2017,2017,39,56271,184,1341,0
30/09/2017,2017,39,56456,185,1341,0
01/10/2017,2017,39,56631,175,1341,1
02/10/2017,2017,40,56802,171,1367,0
03/10/2017,2017,40,57016,214,1367,0
04/10/2017,2017,40,57204,188,1367,0
05/10/2017,2017,40,57387,183,1367,0
06/10/2017,2017,40,57597,210,1367,0
07/10/2017,2017,40,57800,203,1367,0
08/10/2017,2017,40,57998,198,1367,1
09/10/2017,2017,41,58193,195,1316,0
10/10/2017,2017,41,58400,207,1316,0
11/10/2017,2017,41,58585,185,1316,0
12/10/2017,2017,41,58779,194,1316,0
13/10/2017,2017,41,58948,169,1316,0
14/10/2017,2017,41,59146,198,1316,0
15/10/2017,2017,41,59314,168,1316,1
16/10/2017,2017,42,59520,206,1384,0
17/10/2017,2017,42,59708,188,1384,0
18/10/2017,2017,42,59904,196,1384,0
19/10/2017,2017,42,60095,191,1384,0
20/10/2017,2017,42,60310,215,1384,0
21/10/2017,2017,42,60497,187,1384,0
22/10/2017,2017,42,60698,201,1384,1
23/10/2017,2017,43,60902,204,1397,0
24/10/2017,2017,43,61085,183,1397,0
25/10/2017,2017,43,61282,197,1397,0
26/10/2017,2017,43,61485,203,1397,0
27/10/2017,2017,43,61683,198,1397,0
28/10/2017,2017,43,61879,196,1397,0
29/10/2017,2017,43,62095,216,1397,1
30/10/2017,2017,44,62308,213,1363,0
31/10/2017,2017,44,62512,204,1363,0
01/11/2017,2017,44,62685,173,1363,0
02/11/2017,2017,44,62856,171,1363,0
03/11/2017,2017,44,63067,211,1363,0
04/11/2017,2017,44,63267,200,1363,0
05/11/2017,2017,44,63458,191,1363,1
06/11/2017,2017,45,63669,211,1409,0
07/11/2017,2017,45,63873,204,1409,0
08/11/2017,2017,45,64072,199,1409,0
09/11/2017,2017,45,64279,207,1409,0
10/11/2017,2017,45,64477,198,1409,0
11/11/2017,2017,45,64706,229,1409,0
12/11/2017,2017,45,64867,161,1409,1
13/11/2017,2017,46,65078,211,1424,0
14/11/2017,2017,46,65280,202,1424,0
15/11/2017,2017,46,65475,195,1424,0
16/11/2017,2017,46,65658,183,1424,0
17/11/2017,2017,46,65885,227,1424,0
18/11/2017,2017,46,66082,197,1424,0
19/11/2017,2017,46,66291,209,1424,1
20/11/2017,2017,47,66511,220,1384,0
21/11/2017,2017,47,66691,180,1384,0
22/11/2017,2017,47,66901,210,1384,0
23/11/2017,2017,47,67078,177,1384,0
24/11/2017,2017,47,67283,205,1384,0
25/11/2017,2017,47,67484,201,1384,0
26/11/2017,2017,47,67675,191,1384,1
27/11/2017,2017,48,67875,200,1492,0
28/11/2017,2017,48,68105,230,1492,0
29/11/2017,2017,48,68322,217,1492,0
30/11/2017,2017,48,68540,218,1492,0
01/12/2017,2017,48,68758,218,1492,0
02/12/2017,2017,48,68944,186,1492,0
03/12/2017,2017,48,69167,223,1492,1
04/12/2017,2017,49,69400,233,1537,0
05/12/2017,2017,49,69625,225,1537,0
06/12/2017,2017,49,69850,225,1537,0
07/12/2017,2017,49,70054,204,1537,0
08/12/2017,2017,49,70297,243,1537,0
09/12/2017,2017,49,70495,198,1537,0
10/12/2017,2017,49,70704,209,1537,1
11/12/2017,2017,50,70912,208,1659,0
12/12/2017,2017,50,71153,241,1659,0
13/12/2017,2017,50,71376,223,1659,0
14/12/2017,2017,50,71594,218,1659,0
15/12/2017,2017,50,71846,252,1659,0
16/12/2017,2017,50,72093,247,1659,0
17/12/2017,2017,50,72363,270,1659,1
18/12/2017,2017,51,72628,265,1634,0
19/12/2017,2017,51,72859,231,1634,0
20/12/2017,2017,51,73086,227,1634,0
21/12/2017,2017,51,73315,229,1634,0
22/12/2017,2017,51,73543,228,1634,0
23/12/2017,2017,51,73767,224,1634,0
24/12/2017,2017,51,73997,230,1634,1
25/12/2017,2017,52,74205,208,1651,0
26/12/2017,2017,52,74450,245,1651,0
27/12/2017,2017,52,74672,222,1651,0
28/12/2017,2017,52,74918,246,1651,0
29/12/2017,2017,52,75166,248,1651,0
30/12/2017,2017,52,75404,238,1651,0
31/12/2017,2017,52,75648,244,1651,1
01/01/2018,2018,1,226,226,1952,0
02/01/2018,2018,1,447,221,1952,0
03/01/2018,2018,1,701,254,1952,0
04/01/2018,2018,1,934,233,1952,0
05/01/2018,2018,1,1179,245,1952,0
06/01/2018,2018,1,1435,256,1952,0
07/01/2018,2018,1,1693,258,1952,1
08/01/2018,2018,2,1967,274,1771,0
09/01/2018,2018,2,2202,235,1771,0
10/01/2018,2018,2,2464,262,1771,0
11/01/2018,2018,2,2694,230,1771,0
12/01/2018,2018,2,2948,254,1771,0
13/01/2018,2018,2,3221,273,1771,0
14/01/2018,2018,2,3464,243,1771,1
15/01/2018,2018,3,3741,277,1914,0
16/01/2018,2018,3,4015,274,1914,0
17/01/2018,2018,3,4256,241,1914,0
18/01/2018,2018,3,4543,287,1914,0
19/01/2018,2018,3,4822,279,1914,0
20/01/2018,2018,3,5108,286,1914,0
21/01/2018,2018,3,5378,270,1914,1
22/01/2018,2018,4,5654,276,1851,0
23/01/2018,2018,4,5927,273,1851,0
24/01/2018,2018,4,6201,274,1851,0
25/01/2018,2018,4,6463,262,1851,0
26/01/2018,2018,4,6723,260,1851,0
27/01/2018,2018,4,6979,256,1851,0
28/01/2018,2018,4,7229,250,1851,1
29/01/2018,2018,5,7478,249,1790,0
30/01/2018,2018,5,7718,240,1790,0
31/01/2018,2018,5,7944,226,1790,0
01/02/2018,2018,5,8223,279,1790,0
02/02/2018,2018,5,8498,275,1790,0
03/02/2018,2018,5,8756,258,1790,0
04/02/2018,2018,5,9019,263,1790,1
05/02/2018,2018,6,9292,273,1748,0
06/02/2018,2018,6,9552,260,1748,0
07/02/2018,2018,6,9786,234,1748,0
08/02/2018,2018,6,10065,279,1748,0
09/02/2018,2018,6,10297,232,1748,0
10/02/2018,2018,6,10533,236,1748,0
11/02/2018,2018,6,10767,234,1748,1
12/02/2018,2018,7,10998,231,1581,0
13/02/2018,2018,7,11238,240,1581,0
14/02/2018,2018,7,11478,240,1581,0
15/02/2018,2018,7,11718,240,1581,0
16/02/2018,2018,7,11926,208,1581,0
17/02/2018,2018,7,12134,208,1581,0
18/02/2018,2018,7,12348,214,1581,1
19/02/2018,2018,8,12598,250,1657,0
20/02/2018,2018,8,12815,217,1657,0
21/02/2018,2018,8,13059,244,1657,0
22/02/2018,2018,8,13281,222,1657,0
23/02/2018,2018,8,13529,248,1657,0
24/02/2018,2018,8,13758,229,1657,0
25/02/2018,2018,8,14005,247,1657,1
26/02/2018,2018,9,14235,230,1575,0
27/02/2018,2018,9,14488,253,1575,0
28/02/2018,2018,9,14708,220,1575,0
01/03/2018,2018,9,14913,205,1575,0
02/03/2018,2018,9,15114,201,1575,0
03/03/2018,2018,9,15340,226,1575,0
04/03/2018,2018,9,15580,240,1575,1
05/03/2018,2018,10,15773,193,1410,0
06/03/2018,2018,10,15962,189,1410,0
07/03/2018,2018,10,16188,226,1410,0
08/03/2018,2018,10,16406,218,1410,0
09/03/2018,2018,10,16603,197,1410,0
10/03/2018,2018,10,16815,212,1410,0
11/03/2018,2018,10,16990,175,1410,1
12/03/2018,2018,11,17208,218,1458,0
13/03/2018,2018,11,17402,194,1458,0
14/03/2018,2018,11,17622,220,1458,0
15/03/2018,2018,11,17814,192,1458,0
16/03/2018,2018,11,18047,233,1458,0
17/03/2018,2018,11,18249,202,1458,0
18/03/2018,2018,11,18448,199,1458,1
19/03/2018,2018,12,18665,217,1393,0
20/03/2018,2018,12,18868,203,1393,0
21/03/2018,2018,12,19084,216,1393,0
22/03/2018,2018,12,19283,199,1393,0
23/03/2018,2018,12,19482,199,1393,0
24/03/2018,2018,12,19674,192,1393,0
25/03/2018,2018,12,19841,167,1393,1
26/03/2018,2018,13,20036,195,1350,0
27/03/2018,2018,13,20242,206,1350,0
28/03/2018,2018,13,20447,205,1350,0
29/03/2018,2018,13,20658,211,1350,0
30/03/2018,2018,13,20863,205,1350,0
31/03/2018,2018,13,21027,164,1350,0
01/04/2018,2018,13,21191,164,1350,1
02/04/2018,2018,14,21363,172,1415,0
03/04/2018,2018,14,21571,208,1415,0
04/04/2018,2018,14,21795,224,1415,0
05/04/2018,2018,14,22006,211,1415,0
06/04/2018,2018,14,22207,201,1415,0
07/04/2018,2018,14,22415,208,1415,0
08/04/2018,2018,14,22606,191,1415,1
09/04/2018,2018,15,22821,215,1403,0
10/04/2018,2018,15,23044,223,1403,0
11/04/2018,2018,15,23239,195,1403,0
12/04/2018,2018,15,23419,180,1403,0
13/04/2018,2018,15,23606,187,1403,0
14/04/2018,2018,15,23823,217,1403,0
15/04/2018,2018,15,24009,186,1403,1
16/04/2018,2018,16,24200,191,1357,0
17/04/2018,2018,16,24378,178,1357,0
18/04/2018,2018,16,24567,189,1357,0
19/04/2018,2018,16,24763,196,1357,0
20/04/2018,2018,16,24968,205,1357,0
21/04/2018,2018,16,25164,196,1357,0
22/04/2018,2018,16,25366,202,1357,1
23/04/2018,2018,17,25588,222,1377,0
24/04/2018,2018,17,25776,188,1377,0
25/04/2018,2018,17,25978,202,1377,0
26/04/2018,2018,17,26168,190,1377,0
27/04/2018,2018,17,26366,198,1377,0
28/04/2018,2018,17,26540,174,1377,0
29/04/2018,2018,17,26743,203,1377,1
30/04/2018,2018,18,26922,179,1389,0
01/05/2018,2018,18,27128,206,1389,0
02/05/2018,2018,18,27347,219,1389,0
03/05/2018,2018,18,27533,186,1389,0
04/05/2018,2018,18,27733,200,1389,0
05/05/2018,2018,18,27945,212,1389,0
06/05/2018,2018,18,28132,187,1389,1
07/05/2018,2018,19,28318,186,1402,0
08/05/2018,2018,19,28518,200,1402,0
09/05/2018,2018,19,28741,223,1402,0
10/05/2018,2018,19,28933,192,1402,0
11/05/2018,2018,19,29163,230,1402,0
12/05/2018,2018,19,29362,199,1402,0
13/05/2018,2018,19,29534,172,1402,1
14/05/2018,2018,20,29737,203,1408,0
15/05/2018,2018,20,29956,219,1408,0
16/05/2018,2018,20,30155,199,1408,0
17/05/2018,2018,20,30384,229,1408,0
18/05/2018,2018,20,30564,180,1408,0
19/05/2018,2018,20,30758,194,1408,0
20/05/2018,2018,20,30942,184,1408,1
21/05/2018,2018,21,31140,198,1317,0
22/05/2018,2018,21,31335,195,1317,0
23/05/2018,2018,21,31508,173,1317,0
24/05/2018,2018,21,31694,186,1317,0
25/05/2018,2018,21,31880,186,1317,0
26/05/2018,2018,21,32071,191,1317,0
27/05/2018,2018,21,32259,188,1317,1
28/05/2018,2018,22,32464,205,1417,0
29/05/2018,2018,22,32673,209,1417,0
30/05/2018,2018,22,32873,200,1417,0
31/05/2018,2018,22,33060,187,1417,0
01/06/2018,2018,22,33270,210,1417,0
02/06/2018,2018,22,33481,211,1417,0
03/06/2018,2018,22,33676,195,1417,1
04/06/2018,2018,23,33879,203,1386,0
05/06/2018,2018,23,34094,215,1386,0
06/06/2018,2018,23,34293,199,1386,0
07/06/2018,2018,23,34493,200,1386,0
08/06/2018,2018,23,34687,194,1386,0
09/06/2018,2018,23,34886,199,1386,0
10/06/2018,2018,23,35062,176,1386,1
11/06/2018,2018,24,35269,207,1333,0
12/06/2018,2018,24,35465,196,1333,0
13/06/2018,2018,24,35648,183,1333,0
14/06/2018,2018,24,35832,184,1333,0
15/06/2018,2018,24,36016,184,1333,0
16/06/2018,2018,24,36197,181,1333,0
17/06/2018,2018,24,36395,198,1333,1
18/06/2018,2018,25,36579,184,1398,0
19/06/2018,2018,25,36772,193,1398,0
20/06/2018,2018,25,36974,202,1398,0
21/06/2018,2018,25,37188,214,1398,0
22/06/2018,2018,25,37401,213,1398,0
23/06/2018,2018,25,37609,208,1398,0
24/06/2018,2018,25,37793,184,1398,1
25/06/2018,2018,26,38003,210,1386,0
26/06/2018,2018,26,38217,214,1386,0
27/06/2018,2018,26,38417,200,1386,0
28/06/2018,2018,26,38617,200,1386,0
29/06/2018,2018,26,38816,199,1386,0
30/06/2018,2018,26,39005,189,1386,0
01/07/2018,2018,26,39179,174,1386,1
02/07/2018,2018,27,39354,175,1287,0
03/07/2018,2018,27,39548,194,1287,0
04/07/2018,2018,27,39742,194,1287,0
05/07/2018,2018,27,39910,168,1287,0
06/07/2018,2018,27,40108,198,1287,0
07/07/2018,2018,27,40315,207,1287,0
08/07/2018,2018,27,40466,151,1287,1
09/07/2018,2018,28,40676,210,1366,0
10/07/2018,2018,28,40860,184,1366,0
11/07/2018,2018,28,41059,199,1366,0
12/07/2018,2018,28,41247,188,1366,0
13/07/2018,2018,28,41458,211,1366,0
14/07/2018,2018,28,41658,200,1366,0
15/07/2018,2018,28,41832,174,1366,1
16/07/2018,2018,29,42040,208,1369,0
17/07/2018,2018,29,42222,182,1369,0
18/07/2018,2018,29,42422,200,1369,0
19/07/2018,2018,29,42620,198,1369,0
20/07/2018,2018,29,42819,199,1369,0
21/07/2018,2018,29,43012,193,1369,0
22/07/2018,2018,29,43201,189,1369,1
23/07/2018,2018,30,43358,157,1362,0
24/07/2018,2018,30,43596,238,1362,0
25/07/2018,2018,30,43796,200,1362,0
26/07/2018,2018,30,43964,168,1362,0
27/07/2018,2018,30,44167,203,1362,0
28/07/2018,2018,30,44370,203,1362,0
29/07/2018,2018,30,44563,193,1362,1
30/07/2018,2018,31,44770,207,1314,0
31/07/2018,2018,31,44956,186,1314,0
01/08/2018,2018,31,45159,203,1314,0
02/08/2018,2018,31,45346,187,1314,0
03/08/2018,2018,31,45555,209,1314,0
04/08/2018,2018,31,45738,183,1314,0
05/08/2018,2018,31,45877,139,1314,1
06/08/2018,2018,32,46083,206,1398,0
07/08/2018,2018,32,46268,185,1398,0
08/08/2018,2018,32,46479,211,1398,0
09/08/2018,2018,32,46690,211,1398,0
10/08/2018,2018,32,46887,197,1398,0
11/08/2018,2018,32,47083,196,1398,0
12/08/2018,2018,32,47275,192,1398,1
13/08/2018,2018,33,47471,196,1369,0
14/08/2018,2018,33,47646,175,1369,0
15/08/2018,2018,33,47813,167,1369,0
16/08/2018,2018,33,47999,186,1369,0
17/08/2018,2018,33,48217,218,1369,0
18/08/2018,2018,33,48413,196,1369,0
19/08/2018,2018,33,48644,231,1369,1
20/08/2018,2018,34,48834,190,1320,0
21/08/2018,2018,34,49017,183,1320,0
22/08/2018,2018,34,49208,191,1320,0
23/08/2018,2018,34,49370,162,1320,0
24/08/2018,2018,34,49567,197,1320,0
25/08/2018,2018,34,49787,220,1320,0
26/08/2018,2018,34,49964,177,1320,1
27/08/2018,2018,35,50166,202,1323,0
28/08/2018,2018,35,50343,177,1323,0
29/08/2018,2018,35,50528,185,1323,0
30/08/2018,2018,35,50726,198,1323,0
31/08/2018,2018,35,50922,196,1323,0
01/09/2018,2018,35,51114,192,1323,0
02/09/2018,2018,35,51287,173,1323,1
03/09/2018,2018,36,51482,195,1400,0
04/09/2018,2018,36,51693,211,1400,0
05/09/2018,2018,36,51909,216,1400,0
06/09/2018,2018,36,52129,220,1400,0
07/09/2018,2018,36,52325,196,1400,0
08/09/2018,2018,36,52513,188,1400,0
09/09/2018,2018,36,52687,174,1400,1
10/09/2018,2018,37,52874,187,1393,0
11/09/2018,2018,37,53088,214,1393,0
12/09/2018,2018,37,53286,198,1393,0
13/09/2018,2018,37,53471,185,1393,0
14/09/2018,2018,37,53685,214,1393,0
15/09/2018,2018,37,53899,214,1393,0
16/09/2018,2018,37,54080,181,1393,1
17/09/2018,2018,38,54309,229,1398,0
18/09/2018,2018,38,54505,196,1398,0
19/09/2018,2018,38,54689,184,1398,0
20/09/2018,2018,38,54880,191,1398,0
21/09/2018,2018,38,55060,180,1398,0
22/09/2018,2018,38,55272,212,1398,0
23/09/2018,2018,38,55478,206,1398,1
24/09/2018,2018,39,55681,203,1354,0
25/09/2018,2018,39,55888,207,1354,0
26/09/2018,2018,39,56100,212,1354,0
27/09/2018,2018,39,56296,196,1354,0
28/09/2018,2018,39,56488,192,1354,0
29/09/2018,2018,39,56668,180,1354,0
30/09/2018,2018,39,56832,164,1354,1
01/10/2018,2018,40,57000,168,1323,0
02/10/2018,2018,40,57194,194,1323,0
03/10/2018,2018,40,57384,190,1323,0
04/10/2018,2018,40,57594,210,1323,0
05/10/2018,2018,40,57800,206,1323,0
06/10/2018,2018,40,57984,184,1323,0
07/10/2018,2018,40,58155,171,1323,1
08/10/2018,2018,41,58376,221,1442,0
09/10/2018,2018,41,58572,196,1442,0
10/10/2018,2018,41,58793,221,1442,0
11/10/2018,2018,41,58971,178,1442,0
12/10/2018,2018,41,59196,225,1442,0
13/10/2018,2018,41,59404,208,1442,0
14/10/2018,2018,41,59597,193,1442,1
15/10/2018,2018,42,59810,213,1403,0
16/10/2018,2018,42,60000,190,1403,0
17/10/2018,2018,42,60212,212,1403,0
18/10/2018,2018,42,60418,206,1403,0
19/10/2018,2018,42,60614,196,1403,0
20/10/2018,2018,42,60808,194,1403,0
21/10/2018,2018,42,61000,192,1403,1
22/10/2018,2018,43,61206,206,1496,0
23/10/2018,2018,43,61389,183,1496,0
24/10/2018,2018,43,61604,215,1496,0
25/10/2018,2018,43,61798,194,1496,0
26/10/2018,2018,43,62018,220,1496,0
27/10/2018,2018,43,62270,252,1496,0
28/10/2018,2018,43,62496,226,1496,1
29/10/2018,2018,44,62696,200,1420,0
30/10/2018,2018,44,62896,200,1420,0
31/10/2018,2018,44,63113,217,1420,0
01/11/2018,2018,44,63330,217,1420,0
02/11/2018,2018,44,63532,202,1420,0
03/11/2018,2018,44,63732,200,1420,0
04/11/2018,2018,44,63916,184,1420,1
05/11/2018,2018,45,64122,206,1455,0
06/11/2018,2018,45,64332,210,1455,0
07/11/2018,2018,45,64538,206,1455,0
08/11/2018,2018,45,64741,203,1455,0
09/11/2018,2018,45,64958,217,1455,0
10/11/2018,2018,45,65174,216,1455,0
11/11/2018,2018,45,65371,197,1455,1
12/11/2018,2018,46,65576,205,1520,0
13/11/2018,2018,46,65792,216,1520,0
14/11/2018,2018,46,65993,201,1520,0
15/11/2018,2018,46,66206,213,1520,0
16/11/2018,2018,46,66437,231,1520,0
17/11/2018,2018,46,66662,225,1520,0
18/11/2018,2018,46,66891,229,1520,1
19/11/2018,2018,47,67117,226,1538,0
20/11/2018,2018,47,67347,230,1538,0
21/11/2018,2018,47,67561,214,1538,0
22/11/2018,2018,47,67783,222,1538,0
23/11/2018,2018,47,68004,221,1538,0
24/11/2018,2018,47,68214,210,1538,0
25/11/2018,2018,47,68429,215,1538,1
26/11/2018,2018,48,68649,220,1563,0
27/11/2018,2018,48,68894,245,1563,0
28/11/2018,2018,48,69103,209,1563,0
29/11/2018,2018,48,69334,231,1563,0
30/11/2018,2018,48,69555,221,1563,0
01/12/2018,2018,48,69772,217,1563,0
02/12/2018,2018,48,69992,220,1563,1
03/12/2018,2018,49,70233,241,1608,0
04/12/2018,2018,49,70460,227,1608,0
05/12/2018,2018,49,70714,254,1608,0
06/12/2018,2018,49,70952,238,1608,0
07/12/2018,2018,49,71151,199,1608,0
08/12/2018,2018,49,71394,243,1608,0
09/12/2018,2018,49,71600,206,1608,1
10/12/2018,2018,50,71822,222,1556,0
11/12/2018,2018,50,72040,218,1556,0
12/12/2018,2018,50,72266,226,1556,0
13/12/2018,2018,50,72476,210,1556,0
14/12/2018,2018,50,72733,257,1556,0
15/12/2018,2018,50,72964,231,1556,0
16/12/2018,2018,50,73156,192,1556,1
17/12/2018,2018,51,73405,249,1708,0
18/12/2018,2018,51,73650,245,1708,0
19/12/2018,2018,51,73893,243,1708,0
20/12/2018,2018,51,74172,279,1708,0
21/12/2018,2018,51,74407,235,1708,0
22/12/2018,2018,51,74630,223,1708,0
23/12/2018,2018,51,74864,234,1708,1
24/12/2018,2018,52,75144,280,1876,0
25/12/2018,2018,52,75377,233,1876,0
26/12/2018,2018,52,75659,282,1876,0
27/12/2018,2018,52,75937,278,1876,0
28/12/2018,2018,52,76208,271,1876,0
29/12/2018,2018,52,76457,249,1876,0
30/12/2018,2018,52,76740,283,1876,1
31/12/2018,2019,1,76999,266,1755,0
01/01/2019,2019,1,258,258,1845,0
02/01/2019,2019,1,542,284,1845,0
03/01/2019,2019,1,777,235,1845,0
04/01/2019,2019,1,1069,292,1845,0
05/01/2019,2019,1,1330,261,1845,0
06/01/2019,2019,1,1603,273,1845,1
07/01/2019,2019,2,1888,285,1866,0
08/01/2019,2019,2,2169,281,1866,0
09/01/2019,2019,2,2402,233,1866,0
10/01/2019,2019,2,2689,287,1866,0
11/01/2019,2019,2,2929,240,1866,0
12/01/2019,2019,2,3210,281,1866,0
13/01/2019,2019,2,3469,259,1866,1
14/01/2019,2019,3,3716,247,1761,0
15/01/2019,2019,3,3941,225,1761,0
16/01/2019,2019,3,4247,306,1761,0
17/01/2019,2019,3,4475,228,1761,0
18/01/2019,2019,3,4712,237,1761,0
19/01/2019,2019,3,4964,252,1761,0
20/01/2019,2019,3,5230,266,1761,1
21/01/2019,2019,4,5494,264,1818,0
22/01/2019,2019,4,5778,284,1818,0
23/01/2019,2019,4,6024,246,1818,0
24/01/2019,2019,4,6284,260,1818,0
25/01/2019,2019,4,6524,240,1818,0
26/01/2019,2019,4,6789,265,1818,0
27/01/2019,2019,4,7048,259,1818,1
28/01/2019,2019,5,7285,237,1720,0
29/01/2019,2019,5,7548,263,1720,0
30/01/2019,2019,5,7794,246,1720,0
31/01/2019,2019,5,8043,249,1720,0
01/02/2019,2019,5,8262,219,1720,0
02/02/2019,2019,5,8526,264,1720,0
03/02/2019,2019,5,8768,242,1720,1
04/02/2019,2019,6,8963,195,1629,0
05/02/2019,2019,6,9217,254,1629,0
06/02/2019,2019,6,9452,235,1629,0
07/02/2019,2019,6,9682,230,1629,0
08/02/2019,2019,6,9957,275,1629,0
09/02/2019,2019,6,10183,226,1629,0
10/02/2019,2019,6,10397,214,1629,1
11/02/2019,2019,7,10620,223,1583,0
12/02/2019,2019,7,10852,232,1583,0
13/02/2019,2019,7,11063,211,1583,0
14/02/2019,2019,7,11276,213,1583,0
15/02/2019,2019,7,11513,237,1583,0
16/02/2019,2019,7,11757,244,1583,0
17/02/2019,2019,7,11980,223,1583,1
18/02/2019,2019,8,12204,224,1547,0
19/02/2019,2019,8,12459,255,1547,0
20/02/2019,2019,8,12668,209,1547,0
21/02/2019,2019,8,12890,222,1547,0
22/02/2019,2019,8,13120,230,1547,0
23/02/2019,2019,8,13321,201,1547,0
24/02/2019,2019,8,13527,206,1547,1
25/02/2019,2019,9,13742,215,1528,0
26/02/2019,2019,9,13956,214,1528,0
27/02/2019,2019,9,14191,235,1528,0
28/02/2019,2019,9,14398,207,1528,0
01/03/2019,2019,9,14591,193,1528,0
02/03/2019,2019,9,14817,226,1528,0
03/03/2019,2019,9,15055,238,1528,1
04/03/2019,2019,10,15267,212,1519,0
05/03/2019,2019,10,15476,209,1519,0
06/03/2019,2019,10,15701,225,1519,0
07/03/2019,2019,10,15904,203,1519,0
08/03/2019,2019,10,16132,228,1519,0
09/03/2019,2019,10,16355,223,1519,0
10/03/2019,2019,10,16574,219,1519,1
11/03/2019,2019,11,16790,216,1474,0
12/03/2019,2019,11,17025,235,1474,0
13/03/2019,2019,11,17234,209,1474,0
14/03/2019,2019,11,17422,188,1474,0
15/03/2019,2019,11,17628,206,1474,0
16/03/2019,2019,11,17847,219,1474,0
17/03/2019,2019,11,18048,201,1474,1
18/03/2019,2019,12,18232,184,1500,0
19/03/2019,2019,12,18450,218,1500,0
20/03/2019,2019,12,18675,225,1500,0
21/03/2019,2019,12,18911,236,1500,0
22/03/2019,2019,12,19130,219,1500,0
23/03/2019,2019,12,19346,216,1500,0
24/03/2019,2019,12,19548,202,1500,1
25/03/2019,2019,13,19749,201,1505,0
26/03/2019,2019,13,19967,218,1505,0
27/03/2019,2019,13,20153,186,1505,0
28/03/2019,2019,13,20358,205,1505,0
29/03/2019,2019,13,20590,232,1505,0
30/03/2019,2019,13,20843,253,1505,0
31/03/2019,2019,13,21053,210,1505,1
01/04/2019,2019,14,21266,213,1450,0
02/04/2019,2019,14,21477,211,1450,0
03/04/2019,2019,14,21684,207,1450,0
04/04/2019,2019,14,21889,205,1450,0
05/04/2019,2019,14,22088,199,1450,0
06/04/2019,2019,14,22295,207,1450,0
07/04/2019,2019,14,22503,208,1450,1
08/04/2019,2019,15,22717,214,1493,0
09/04/2019,2019,15,22916,199,1493,0
10/04/2019,2019,15,23126,210,1493,0
11/04/2019,2019,15,23343,217,1493,0
12/04/2019,2019,15,23561,218,1493,0
13/04/2019,2019,15,23784,223,1493,0
14/04/2019,2019,15,23996,212,1493,1
15/04/2019,2019,16,24185,189,1473,0
16/04/2019,2019,16,24436,251,1473,0
17/04/2019,2019,16,24677,241,1473,0
18/04/2019,2019,16,24897,220,1473,0
19/04/2019,2019,16,25117,220,1473,0
20/04/2019,2019,16,25285,168,1473,0
21/04/2019,2019,16,25469,184,1473,1
22/04/2019,2019,17,25646,177,1382,0
23/04/2019,2019,17,25853,207,1382,0
24/04/2019,2019,17,26070,217,1382,0
25/04/2019,2019,17,26273,203,1382,0
26/04/2019,2019,17,26463,190,1382,0
27/04/2019,2019,17,26651,188,1382,0
28/04/2019,2019,17,26851,200,1382,1
29/04/2019,2019,18,27057,206,1391,0
30/04/2019,2019,18,27262,205,1391,0
01/05/2019,2019,18,27452,190,1391,0
02/05/2019,2019,18,27648,196,1391,0
03/05/2019,2019,18,27844,196,1391,0
04/05/2019,2019,18,28028,184,1391,0
05/05/2019,2019,18,28242,214,1391,1
06/05/2019,2019,19,28423,181,1457,0
07/05/2019,2019,19,28619,196,1457,0
08/05/2019,2019,19,28831,212,1457,0
09/05/2019,2019,19,29042,211,1457,0
10/05/2019,2019,19,29255,213,1457,0
11/05/2019,2019,19,29463,208,1457,0
12/05/2019,2019,19,29699,236,1457,1
13/05/2019,2019,20,29895,196,1405,0
14/05/2019,2019,20,30102,207,1405,0
15/05/2019,2019,20,30305,203,1405,0
16/05/2019,2019,20,30513,208,1405,0
17/05/2019,2019,20,30716,203,1405,0
18/05/2019,2019,20,30911,195,1405,0
19/05/2019,2019,20,31104,193,1405,1
20/05/2019,2019,21,31312,208,1418,0
21/05/2019,2019,21,31532,220,1418,0
22/05/2019,2019,21,31750,218,1418,0
23/05/2019,2019,21,31932,182,1418,0
24/05/2019,2019,21,32142,210,1418,0
25/05/2019,2019,21,32326,184,1418,0
26/05/2019,2019,21,32522,196,1418,1
27/05/2019,2019,22,32744,222,1438,0
28/05/2019,2019,22,32932,188,1438,0
29/05/2019,2019,22,33156,224,1438,0
30/05/2019,2019,22,33368,212,1438,0
31/05/2019,2019,22,33595,227,1438,0
01/06/2019,2019,22,33799,204,1438,0
02/06/2019,2019,22,33960,161,1438,1
03/06/2019,2019,23,34117,157,1286,0
04/06/2019,2019,23,34307,190,1286,0
05/06/2019,2019,23,34493,186,1286,0
06/06/2019,2019,23,34688,195,1286,0
07/06/2019,2019,23,34890,202,1286,0
08/06/2019,2019,23,35091,201,1286,0
09/06/2019,2019,23,35246,155,1286,1
10/06/2019,2019,24,35460,214,1390,0
11/06/2019,2019,24,35641,181,1390,0
12/06/2019,2019,24,35845,204,1390,0
13/06/2019,2019,24,36053,208,1390,0
14/06/2019,2019,24,36253,200,1390,0
15/06/2019,2019,24,36447,194,1390,0
16/06/2019,2019,24,36636,189,1390,1
17/06/2019,2019,25,36839,203,1403,0
18/06/2019,2019,25,37054,215,1403,0
19/06/2019,2019,25,37252,198,1403,0
20/06/2019,2019,25,37450,198,1403,0
21/06/2019,2019,25,37650,200,1403,0
22/06/2019,2019,25,37835,185,1403,0
23/06/2019,2019,25,38039,204,1403,1
24/06/2019,2019,26,38207,168,1322,0
25/06/2019,2019,26,38396,189,1322,0
26/06/2019,2019,26,38588,192,1322,0
27/06/2019,2019,26,38769,181,1322,0
28/06/2019,2019,26,38965,196,1322,0
29/06/2019,2019,26,39163,198,1322,0
30/06/2019,2019,26,39361,198,1322,1
01/07/2019,2019,27,39564,203,1369,0
02/07/2019,2019,27,39772,208,1369,0
03/07/2019,2019,27,39960,188,1369,0
04/07/2019,2019,27,40141,181,1369,0
05/07/2019,2019,27,40351,210,1369,0
06/07/2019,2019,27,40541,190,1369,0
07/07/2019,2019,27,40730,189,1369,1
08/07/2019,2019,28,40895,165,1288,0
09/07/2019,2019,28,41090,195,1288,0
10/07/2019,2019,28,41262,172,1288,0
11/07/2019,2019,28,41490,228,1288,0
12/07/2019,2019,28,41647,157,1288,0
13/07/2019,2019,28,41854,207,1288,0
14/07/2019,2019,28,42018,164,1288,1
15/07/2019,2019,29,42194,176,1325,0
16/07/2019,2019,29,42399,205,1325,0
17/07/2019,2019,29,42603,204,1325,0
18/07/2019,2019,29,42802,199,1325,0
19/07/2019,2019,29,42978,176,1325,0
20/07/2019,2019,29,43151,173,1325,0
21/07/2019,2019,29,43343,192,1325,1
22/07/2019,2019,30,43516,173,1319,0
23/07/2019,2019,30,43726,210,1319,0
24/07/2019,2019,30,43920,194,1319,0
25/07/2019,2019,30,44099,179,1319,0
26/07/2019,2019,30,44288,189,1319,0
27/07/2019,2019,30,44471,183,1319,0
28/07/2019,2019,30,44662,191,1319,1
29/07/2019,2019,31,44861,199,1393,0
30/07/2019,2019,31,45038,177,1393,0
31/07/2019,2019,31,45242,204,1393,0
01/08/2019,2019,31,45457,215,1393,0
02/08/2019,2019,31,45657,200,1393,0
03/08/2019,2019,31,45866,209,1393,0
04/08/2019,2019,31,46055,189,1393,1
05/08/2019,2019,32,46258,203,1389,0
06/08/2019,2019,32,46464,206,1389,0
07/08/2019,2019,32,46663,199,1389,0
08/08/2019,2019,32,46857,194,1389,0
09/08/2019,2019,32,47036,179,1389,0
10/08/2019,2019,32,47253,217,1389,0
11/08/2019,2019,32,47444,191,1389,1
12/08/2019,2019,33,47647,203,1437,0
13/08/2019,2019,33,47865,218,1437,0
14/08/2019,2019,33,48061,196,1437,0
15/08/2019,2019,33,48258,197,1437,0
16/08/2019,2019,33,48469,211,1437,0
17/08/2019,2019,33,48684,215,1437,0
18/08/2019,2019,33,48881,197,1437,1
19/08/2019,2019,34,49055,174,1282,0
20/08/2019,2019,34,49222,167,1282,0
21/08/2019,2019,34,49411,189,1282,0
22/08/2019,2019,34,49593,182,1282,0
23/08/2019,2019,34,49766,173,1282,0
24/08/2019,2019,34,49983,217,1282,0
25/08/2019,2019,34,50163,180,1282,1
26/08/2019,2019,35,50363,200,1365,0
27/08/2019,2019,35,50574,211,1365,0
28/08/2019,2019,35,50774,200,1365,0
29/08/2019,2019,35,50969,195,1365,0
30/08/2019,2019,35,51155,186,1365,0
31/08/2019,2019,35,51336,181,1365,0
01/09/2019,2019,35,51528,192,1365,1
02/09/2019,2019,36,51735,207,1320,0
03/09/2019,2019,36,51922,187,1320,0
04/09/2019,2019,36,52101,179,1320,0
05/09/2019,2019,36,52297,196,1320,0
06/09/2019,2019,36,52478,181,1320,0
07/09/2019,2019,36,52671,193,1320,0
08/09/2019,2019,36,52848,177,1320,1
09/09/2019,2019,37,53034,186,1382,0
10/09/2019,2019,37,53237,203,1382,0
11/09/2019,2019,37,53440,203,1382,0
12/09/2019,2019,37,53637,197,1382,0
13/09/2019,2019,37,53843,206,1382,0
14/09/2019,2019,37,54031,188,1382,0
15/09/2019,2019,37,54230,199,1382,1
16/09/2019,2019,38,54426,196,1423,0
17/09/2019,2019,38,54621,195,1423,0
18/09/2019,2019,38,54843,222,1423,0
19/09/2019,2019,38,55057,214,1423,0
20/09/2019,2019,38,55268,211,1423,0
21/09/2019,2019,38,55463,195,1423,0
22/09/2019,2019,38,55653,190,1423,1
23/09/2019,2019,39,55843,190,1440,0
24/09/2019,2019,39,56050,207,1440,0
25/09/2019,2019,39,56270,220,1440,0
26/09/2019,2019,39,56498,228,1440,0
27/09/2019,2019,39,56708,210,1440,0
28/09/2019,2019,39,56917,209,1440,0
29/09/2019,2019,39,57093,176,1440,1
30/09/2019,2019,40,57301,208,1377,0
01/10/2019,2019,40,57494,193,1377,0
02/10/2019,2019,40,57689,195,1377,0
03/10/2019,2019,40,57883,194,1377,0
04/10/2019,2019,40,58075,192,1377,0
05/10/2019,2019,40,58283,208,1377,0
06/10/2019,2019,40,58470,187,1377,1
07/10/2019,2019,41,58672,202,1408,0
08/10/2019,2019,41,58886,214,1408,0
09/10/2019,2019,41,59067,181,1408,0
10/10/2019,2019,41,59264,197,1408,0
11/10/2019,2019,41,59472,208,1408,0
12/10/2019,2019,41,59680,208,1408,0
13/10/2019,2019,41,59878,198,1408,1
14/10/2019,2019,42,60067,189,1410,0
15/10/2019,2019,42,60267,200,1410,0
16/10/2019,2019,42,60471,204,1410,0
17/10/2019,2019,42,60658,187,1410,0
18/10/2019,2019,42,60867,209,1410,0
19/10/2019,2019,42,61074,207,1410,0
20/10/2019,2019,42,61288,214,1410,1
21/10/2019,2019,43,61520,232,1424,0
22/10/2019,2019,43,61715,195,1424,0
23/10/2019,2019,43,61927,212,1424,0
24/10/2019,2019,43,62125,198,1424,0
25/10/2019,2019,43,62332,207,1424,0
26/10/2019,2019,43,62520,188,1424,0
27/10/2019,2019,43,62712,192,1424,1
28/10/2019,2019,44,62908,196,1424,0
29/10/2019,2019,44,63124,216,1424,0
30/10/2019,2019,44,63314,190,1424,0
31/10/2019,2019,44,63532,218,1424,0
01/11/2019,2019,44,63726,194,1424,0
02/11/2019,2019,44,63944,218,1424,0
03/11/2019,2019,44,64136,192,1424,1
04/11/2019,2019,45,64362,226,1491,0
05/11/2019,2019,45,64558,196,1491,0
06/11/2019,2019,45,64753,195,1491,0
07/11/2019,2019,45,64963,210,1491,0
08/11/2019,2019,45,65187,224,1491,0
09/11/2019,2019,45,65425,238,1491,0
10/11/2019,2019,45,65627,202,1491,1
11/11/2019,2019,46,65842,215,1503,0
12/11/2019,2019,46,66056,214,1503,0
13/11/2019,2019,46,66274,218,1503,0
14/11/2019,2019,46,66470,196,1503,0
15/11/2019,2019,46,66677,207,1503,0
16/11/2019,2019,46,66915,238,1503,0
17/11/2019,2019,46,67130,215,1503,1
18/11/2019,2019,47,67372,242,1515,0
19/11/2019,2019,47,67584,212,1515,0
20/11/2019,2019,47,67779,195,1515,0
21/11/2019,2019,47,68009,230,1515,0
22/11/2019,2019,47,68207,198,1515,0
23/11/2019,2019,47,68420,213,1515,0
24/11/2019,2019,47,68645,225,1515,1
25/11/2019,2019,48,68840,195,1466,0
26/11/2019,2019,48,69072,232,1466,0
27/11/2019,2019,48,69281,209,1466,0
28/11/2019,2019,48,69493,212,1466,0
29/11/2019,2019,48,69701,208,1466,0
30/11/2019,2019,48,69907,206,1466,0
01/12/2019,2019,48,70111,204,1466,1
02/12/2019,2019,49,70316,205,1493,0
03/12/2019,2019,49,70556,240,1493,0
04/12/2019,2019,49,70783,227,1493,0
05/12/2019,2019,49,70982,199,1493,0
06/12/2019,2019,49,71184,202,1493,0
07/12/2019,2019,49,71387,203,1493,0
08/12/2019,2019,49,71604,217,1493,1
09/12/2019,2019,50,71844,240,1569,0
10/12/2019,2019,50,72077,233,1569,0
11/12/2019,2019,50,72308,231,1569,0
12/12/2019,2019,50,72519,211,1569,0
13/12/2019,2019,50,72728,209,1569,0
14/12/2019,2019,50,72957,229,1569,0
15/12/2019,2019,50,73173,216,1569,1
16/12/2019,2019,51,73418,245,1700,0
17/12/2019,2019,51,73659,241,1700,0
18/12/2019,2019,51,73913,254,1700,0
19/12/2019,2019,51,74145,232,1700,0
20/12/2019,2019,51,74378,233,1700,0
21/12/2019,2019,51,74625,247,1700,0
22/12/2019,2019,51,74873,248,1700,1
23/12/2019,2019,52,75115,242,1877,0
24/12/2019,2019,52,75389,274,1877,0
25/12/2019,2019,52,75650,261,1877,0
26/12/2019,2019,52,75925,275,1877,0
27/12/2019,2019,52,76205,280,1877,0
28/12/2019,2019,52,76455,250,1877,0
29/12/2019,2019,52,76750,295,1877,1
30/12/2019,2019,1,77029,279,1988,0
31/12/2019,2019,1,77318,289,1988,0
